{
  "output_format": "mp4",
  "width": 720,
  "height": 1280,
  "duration": 43,
  "snapshot_time": 12.31,
  "fill_color": "rgba(1,1,60,1)",
  "elements": [
    {
      "id": "0101c7a2-faff-4dfe-b001-391b4d423f5d",
      "name": "Sound-1",
      "type": "audio",
      "track": 1,
      "duration": 5,
      "source": "4191a8ff-00e9-4d0c-8683-842a478afa58",
      "trim_start": 0,
      "loop": true
    },
    {
      "id": "275cdc7b-658e-49d6-b88d-fc02f156a69f",
      "name": "Sound-2",
      "type": "audio",
      "track": 1,
      "duration": 5,
      "source": "4191a8ff-00e9-4d0c-8683-842a478afa58",
      "trim_start": 0,
      "loop": true
    },
    {
      "id": "3c0fd1ff-9680-4a76-9ca2-a2224c0545b7",
      "name": "Video-1",
      "type": "video",
      "track": 2,
      "time": 0,
      "duration": 5,
      "source": "352e0742-fe1e-4112-88e5-10ec9852278b",
      "loop": true
    },
    {
      "id": "7b5f1b3b-411e-4e26-832b-51f05d80e878",
      "name": "Video-2",
      "type": "video",
      "track": 2,
      "duration": 5,
      "source": "f167e11a-0c33-4255-b4e8-ea9123d1cb1b",
      "trim_start": 0,
      "loop": true
    },
    {
      "id": "702e67a5-919b-4af3-8454-52b3c707d8d6",
      "name": "Fact-1",
      "type": "text",
      "track": 3,
      "duration": 5,
      "y": "37.6503%",
      "width": "86.6637%",
      "height": "37.71%",
      "x_alignment": "50%",
      "text": "1. [color #f1c40f]Golden eagles[/color] are found throughout the Northern Hemisphere, from North America to Europe and Asia. 🌍",
      "font_family": "Montserrat",
      "font_weight": "600",
      "font_size_maximum": "7.5 vmin",
      "line_height": "100%",
      "fill_color": "#ffffff",
      "stroke_color": "#000000",
      "stroke_width": "1.05 vmin",
      "shadow_color": "rgba(0,0,0,0.27)",
      "dynamic": true,
      "animations": [
        {
          "time": 0,
          "duration": 1.5,
          "easing": "back-out",
          "type": "text-scale",
          "split": "line",
          "y_anchor": "200%"
        },
        {
          "time": "end",
          "duration": 1.5,
          "easing": "back-out",
          "reversed": true,
          "type": "text-scale",
          "order": "reversed",
          "split": "line",
          "y_anchor": "200%"
        }
      ]
    },
    {
      "id": "9073f772-cc9a-422b-803e-87dc4ac45ad8",
      "name": "Fact-2",
      "type": "text",
      "track": 3,
      "duration": 5,
      "width": "86.6637%",
      "height": "37.71%",
      "x_alignment": "50%",
      "y_alignment": "50%",
      "text": "2. These birds are powerful hunters, able to take down prey as large as deer and mountain goats. 🦌",
      "font_family": "Montserrat",
      "font_weight": "600",
      "font_size_maximum": "7.5 vmin",
      "line_height": "100%",
      "fill_color": "#ffffff",
      "stroke_color": "#000000",
      "stroke_width": "1.05 vmin",
      "shadow_color": "rgba(0,0,0,0.27)",
      "dynamic": true,
      "animations": [
        {
          "time": 0,
          "duration": 1.5,
          "easing": "back-out",
          "type": "text-scale",
          "split": "letter",
          "overlap": "50%",
          "y_anchor": "200%"
        },
        {
          "time": "end",
          "duration": 1.5,
          "easing": "back-out",
          "reversed": true,
          "type": "text-scale",
          "order": "reversed",
          "split": "letter",
          "overlap": "50%",
          "y_anchor": "200%"
        }
      ]
    },
    {
      "id": "8fc9b120-dcdc-4a76-8565-9f28e5c2daf7",
      "name": "Outro-Text",
      "type": "text",
      "track": 3,
      "duration": 3,
      "y": "45.7541%",
      "width": "86.6637%",
      "height": "17.5803%",
      "x_alignment": "50%",
      "y_alignment": "50%",
      "text": "나는 누구인가? ",
      "font_family": "Montserrat",
      "font_weight": "600",
      "font_size_maximum": "7.5 vmin",
      "line_height": "100%",
      "fill_color": "#ffffff",
      "stroke_color": "#000000",
      "stroke_width": "1.05 vmin",
      "shadow_color": "rgba(0,0,0,0.27)",
      "animations": [
        {
          "time": 0,
          "duration": 1.5,
          "easing": "back-out",
          "type": "text-scale",
          "split": "letter",
          "track": 0,
          "y_anchor": "200%"
        }
      ]
    },
    {
      "id": "f55a1e8f-5e4e-4c0c-96a1-0481f781e514",
      "name": "Narration-1",
      "type": "audio",
      "track": 4,
      "time": 0,
      "duration": 5,
      "trim_start": 0
    },
    {
      "id": "5a0aa8ed-f6a0-4762-9cd8-efec8eea407b",
      "name": "Narration-2",
      "type": "audio",
      "track": 4,
      "time": 5,
      "duration": 5,
      "trim_start": 0
    }
  ]
}