{
  "output_format": "mp4",
  "width": 720,
  "height": 1280,
  "duration": 30,
  "snapshot_time": 12.31,
  "fill_color": "rgba(231,76,60,1)",
  "elements": [
    {
      "id": "0101c7a2-faff-4dfe-b001-391b4d423f5d",
      "name": "Narration-1",
      "type": "audio",
      "track": 1,
      "duration": 5,
      "source": "4191a8ff-00e9-4d0c-8683-842a478afa58",
      "trim_start": 0,
      "loop": true
    },
    {
      "id": "275cdc7b-658e-49d6-b88d-fc02f156a69f",
      "name": "Narration-2",
      "type": "audio",
      "track": 1,
      "duration": 5,
      "source": "4191a8ff-00e9-4d0c-8683-842a478afa58",
      "trim_start": 0,
      "loop": true
    },
    {
      "id": "0040405b-a265-491b-a364-d8c508eae43b",
      "name": "Narration-3",
      "type": "audio",
      "track": 1,
      "duration": 5,
      "source": "4191a8ff-00e9-4d0c-8683-842a478afa58",
      "trim_start": 0,
      "loop": true
    },
    {
      "id": "8151a3e4-a6ec-4b51-bbd6-12c4adaed720",
      "name": "Narration-4",
      "type": "audio",
      "track": 1,
      "duration": 5,
      "source": "4191a8ff-00e9-4d0c-8683-842a478afa58",
      "trim_start": 0,
      "loop": true
    },
    {
      "id": "b0b7d5fb-76de-4af6-bd4a-ea77d6c9e95d",
      "name": "Narration-5",
      "type": "audio",
      "track": 1,
      "duration": 5,
      "source": "4191a8ff-00e9-4d0c-8683-842a478afa58",
      "trim_start": 0,
      "loop": true
    },
    {
      "id": "cdbec1e3-b600-4974-866d-14a5069e5857",
      "name": "Narration-6",
      "type": "audio",
      "track": 1,
      "duration": 5,
      "source": "4191a8ff-00e9-4d0c-8683-842a478afa58",
      "trim_start": 0,
      "loop": true
    },    
    {
      "id": "0101c7a2-faff-4dfe-b001-391b4d423f5d",
      "name": "Sound-1",
      "type": "audio",
      "track": 1,
      "duration": 5,
      "source": "4191a8ff-00e9-4d0c-8683-842a478afa58",
      "trim_start": 0,
      "loop": true
    },
    {
      "id": "275cdc7b-658e-49d6-b88d-fc02f156a69f",
      "name": "Sound-2",
      "type": "audio",
      "track": 1,
      "duration": 5,
      "source": "4191a8ff-00e9-4d0c-8683-842a478afa58",
      "trim_start": 0,
      "loop": true
    },
    {
      "id": "0040405b-a265-491b-a364-d8c508eae43b",
      "name": "Sound-3",
      "type": "audio",
      "track": 1,
      "duration": 5,
      "source": "4191a8ff-00e9-4d0c-8683-842a478afa58",
      "trim_start": 0,
      "loop": true
    },
    {
      "id": "8151a3e4-a6ec-4b51-bbd6-12c4adaed720",
      "name": "Sound-4",
      "type": "audio",
      "track": 1,
      "duration": 5,
      "source": "4191a8ff-00e9-4d0c-8683-842a478afa58",
      "trim_start": 0,
      "loop": true
    },
    {
      "id": "b0b7d5fb-76de-4af6-bd4a-ea77d6c9e95d",
      "name": "Sound-5",
      "type": "audio",
      "track": 1,
      "duration": 5,
      "source": "4191a8ff-00e9-4d0c-8683-842a478afa58",
      "trim_start": 0,
      "loop": true
    },
    {
      "id": "cdbec1e3-b600-4974-866d-14a5069e5857",
      "name": "Sound-6",
      "type": "audio",
      "track": 1,
      "duration": 5,
      "source": "4191a8ff-00e9-4d0c-8683-842a478afa58",
      "trim_start": 0,
      "loop": true
    },
    {
      "id": "75a9835e-6f8b-47a3-a073-5a956f3662bc",
      "name": "Video-1",
      "type": "video",
      "track": 2,
      "time": 0,
      "duration": 5,
      "source": "352e0742-fe1e-4112-88e5-10ec9852278b",
      "loop": true
    },
    {
      "id": "be255ef0-a510-4cce-ad71-0408540a8a37",
      "name": "Video-2",
      "type": "video",
      "track": 2,
      "duration": 5,
      "source": "f167e11a-0c33-4255-b4e8-ea9123d1cb1b",
      "trim_start": 0,
      "loop": true
    },
    {
      "id": "bb53d489-75b7-4627-baea-3c0d27a3e890",
      "name": "Video-3",
      "type": "video",
      "track": 2,
      "duration": 5,
      "source": "e9300a04-20b2-46a6-a562-6c4e30685b6f",
      "trim_start": 0,
      "loop": true
    },
    {
      "id": "9f572106-4c29-4923-8c6c-62e3c1529853",
      "name": "Video-4",
      "type": "video",
      "track": 2,
      "duration": 5,
      "source": "e9300a04-20b2-46a6-a562-6c4e30685b6f",
      "trim_start": 0,
      "loop": true
    },
    {
      "id": "6692e1ec-6d9c-471d-8fc9-5e23089fea49",
      "name": "Video-5",
      "type": "video",
      "track": 2,
      "duration": 5,
      "source": "e9300a04-20b2-46a6-a562-6c4e30685b6f",
      "trim_start": 0,
      "loop": true
    },
    {
      "id": "11000d3d-bd18-429b-93bd-fe5d01c56ae1",
      "name": "Video-6",
      "type": "video",
      "track": 2,
      "duration": 5,
      "source": "e9300a04-20b2-46a6-a562-6c4e30685b6f",
      "trim_start": 0,
      "loop": true
    },
    {
      "id": "d2e748cb-ecd9-4868-9b07-bce65ada04ef",
      "name": "Fact-1",
      "type": "text",
      "track": 3,
      "duration": 5,
      "y": "37.6503%",
      "width": "86.6637%",
      "height": "37.71%",
      "x_alignment": "50%",
      "text": "1. [color #f1c40f]Golden eagles[/color] are found throughout the Northern Hemisphere, from North America to Europe and Asia. 🌍",
      "font_family": "Montserrat",
      "font_weight": "600",
      "font_size_maximum": "7.5 vmin",
      "line_height": "100%",
      "fill_color": "#ffffff",
      "stroke_color": "#000000",
      "stroke_width": "1.05 vmin",
      "shadow_color": "rgba(0,0,0,0.27)",
      "dynamic": true,
      "animations": [
        {
          "time": 0,
          "duration": 1.5,
          "easing": "back-out",
          "type": "text-scale",
          "split": "line",
          "y_anchor": "200%"
        },
        {
          "time": "end",
          "duration": 1.5,
          "easing": "back-out",
          "reversed": true,
          "type": "text-scale",
          "order": "reversed",
          "split": "line",
          "y_anchor": "200%"
        }
      ]
    },
    {
      "id": "5b6e8466-a23a-4ef9-b094-5d01603e772d",
      "name": "Fact-2",
      "type": "text",
      "track": 3,
      "duration": 5,
      "width": "86.6637%",
      "height": "37.71%",
      "x_alignment": "50%",
      "y_alignment": "50%",
      "text": "2. These birds are powerful hunters, able to take down prey as large as deer and mountain goats. 🦌",
      "font_family": "Montserrat",
      "font_weight": "600",
      "font_size_maximum": "7.5 vmin",
      "line_height": "100%",
      "fill_color": "#ffffff",
      "stroke_color": "#000000",
      "stroke_width": "1.05 vmin",
      "shadow_color": "rgba(0,0,0,0.27)",
      "dynamic": true,
      "animations": [
        {
          "time": 0,
          "duration": 1.5,
          "easing": "back-out",
          "type": "text-scale",
          "split": "letter",
          "overlap": "50%",
          "y_anchor": "200%"
        },
        {
          "time": "end",
          "duration": 1.5,
          "easing": "back-out",
          "reversed": true,
          "type": "text-scale",
          "order": "reversed",
          "split": "letter",
          "overlap": "50%",
          "y_anchor": "200%"
        }
      ]
    },
    {
      "id": "dea44e0b-31fe-48e3-bd57-374889196326",
      "name": "Fact-3",
      "type": "text",
      "track": 3,
      "duration": 5,
      "y": "37.65%",
      "width": "86.6637%",
      "height": "37.71%",
      "x_alignment": "50%",
      "text": "3. [color #f1c40f]Golden eagles[/color] have a wingspan that can reach over 7 feet and can fly at speeds of up to 200 miles per hour! 🌬️",
      "font_family": "Montserrat",
      "font_weight": "600",
      "font_size_maximum": "7.5 vmin",
      "line_height": "100%",
      "fill_color": "#ffffff",
      "stroke_color": "#000000",
      "stroke_width": "1.05 vmin",
      "shadow_color": "rgba(0,0,0,0.27)",
      "dynamic": true,
      "animations": [
        {
          "time": 0,
          "duration": 1.5,
          "easing": "back-out",
          "type": "text-scale",
          "split": "line",
          "y_anchor": "200%"
        },
        {
          "time": "end",
          "duration": 1.5,
          "easing": "back-out",
          "reversed": true,
          "type": "text-scale",
          "order": "reversed",
          "split": "line",
          "y_anchor": "200%"
        }
      ]
    },
    {
      "id": "61b9affe-c7f8-476b-afb5-708ef73f4cd5",
      "name": "Fact-4",
      "type": "text",
      "track": 3,
      "duration": 5,
      "y": "73.4717%",
      "width": "86.6637%",
      "height": "37.7143%",
      "x_alignment": "50%",
      "y_alignment": "100%",
      "text": "4. Unlike many other bird species, [color #f1c40f]golden eagles[/color] mate for life and will often return to the same nest site year after year. 💕",
      "font_family": "Montserrat",
      "font_weight": "600",
      "font_size_maximum": "7.5 vmin",
      "line_height": "100%",
      "fill_color": "#ffffff",
      "stroke_color": "#000000",
      "stroke_width": "1.05 vmin",
      "shadow_color": "rgba(0,0,0,0.27)",
      "dynamic": true,
      "animations": [
        {
          "time": 0,
          "duration": 1.5,
          "easing": "back-out",
          "type": "text-scale",
          "split": "letter",
          "y_anchor": "200%"
        },
        {
          "time": "end",
          "duration": 1.5,
          "easing": "back-out",
          "reversed": true,
          "type": "text-scale",
          "order": "reversed",
          "split": "letter",
          "y_anchor": "200%"
        }
      ]
    },
    {
      "id": "63b34e3d-98b2-494b-afd9-ef3a14a6b256",
      "name": "Fact-5",
      "type": "text",
      "track": 3,
      "duration": 5,
      "y": "62.1478%",
      "width": "86.6637%",
      "height": "37.71%",
      "x_alignment": "50%",
      "y_alignment": "100%",
      "text": "5. [color #f1c40f]Golden eagles[/color] have been important symbols in many cultures throughout history and are often associated with power, bravery, and freedom. 🌟",
      "font_family": "Montserrat",
      "font_weight": "600",
      "font_size_maximum": "7.5 vmin",
      "line_height": "100%",
      "fill_color": "#ffffff",
      "stroke_color": "#000000",
      "stroke_width": "1.05 vmin",
      "shadow_color": "rgba(0,0,0,0.27)",
      "dynamic": true,
      "animations": [
        {
          "time": 0,
          "duration": 1.5,
          "easing": "back-out",
          "type": "text-scale",
          "split": "line",
          "y_anchor": "200%"
        },
        {
          "time": "end",
          "duration": 1.5,
          "easing": "back-out",
          "reversed": true,
          "type": "text-scale",
          "order": "reversed",
          "split": "line",
          "y_anchor": "200%"
        }
      ]
    },
    {
      "id": "2a42329d-db41-45ba-92cf-650a62e4f4d0",
      "name": "Fact-6",
      "type": "text",
      "track": 3,
      "duration": 5,
      "y": "62.1478%",
      "width": "86.6637%",
      "height": "37.71%",
      "x_alignment": "50%",
      "y_alignment": "100%",
      "text": "5. [color #f1c40f]Golden eagles[/color] have been important symbols in many cultures throughout history and are often associated with power, bravery, and freedom. 🌟",
      "font_family": "Montserrat",
      "font_weight": "600",
      "font_size_maximum": "7.5 vmin",
      "line_height": "100%",
      "fill_color": "#ffffff",
      "stroke_color": "#000000",
      "stroke_width": "1.05 vmin",
      "shadow_color": "rgba(0,0,0,0.27)",
      "dynamic": true,
      "animations": [
        {
          "time": 0,
          "duration": 1.5,
          "easing": "back-out",
          "type": "text-scale",
          "split": "line",
          "y_anchor": "200%"
        },
        {
          "time": "end",
          "duration": 1.5,
          "easing": "back-out",
          "reversed": true,
          "type": "text-scale",
          "order": "reversed",
          "split": "line",
          "y_anchor": "200%"
        }
      ]
    }
  ]
}
