{
  "template_id": "5abbb8f4-79f2-4113-8c64-2ab7bcb99932",
  "modifications": {
    "Fact-1.source": "{{ $json.scene_titles[0] }}",
    "Fact-2.source": "{{ $json.scene_titles[1] }}",
    "Fact-3.source": "{{ $json.scene_titles[2] }}",
    "Fact-4.source": "{{ $json.scene_titles[3] }}",
    "Fact-5.source": "{{ $json.scene_titles[4] }}",
    "Fact-6.source": "{{ $json.scene_titles[5] }}",

    "Video-1.source": "{{ $json.video_urls[0] }}",
    "Video-2.source": "{{ $json.video_urls[1] }}",
    "Video-3.source": "{{ $json.video_urls[2] }}",
    "Video-4.source": "{{ $json.video_urls[3] }}",
    "Video-5.source": "{{ $json.video_urls[4] }}",
    "Video-6.source": "{{ $json.video_urls[5] }}",

    "Sound-1.source": "{{ $json.sound_urls[0] }}",
    "Sound-2.source": "{{ $json.sound_urls[1] }}",
    "Sound-3.source": "{{ $json.sound_urls[2] }}",
    "Sound-4.source": "{{ $json.sound_urls[3] }}",
    "Sound-5.source": "{{ $json.sound_urls[4] }}",
    "Sound-6.source": "{{ $json.sound_urls[5] }}"
  }
}